1,jStasia,Becker,Female,Great Britain,34,16/08/2016
2,jJona,Grindle,Female,Great Britain,26,21/05/2015
3,jJudie,Claywell,Female,France,35,16/08/2016
4,jDewitt,Borger,Male,United States,36,21/05/2015
5,jNena,Hacker,Female,United States,29,15/10/2017
6,jKelsie,Wachtel,Female,France,27,16/08/2016
7,jSau,Pfau,Female,United States,25,21/05/2015
8,jShanice,Mccrystal,Female,United States,36,21/05/2015
9,jChase,Karner,Male,United States,37,15/10/2017
10,jTommie,Underdahl,Male,United States,26,16/08/2016