1,aDulce,Abril,Female,United States,32,15/10/2017
2,aMara,Hashimoto,Female,Great Britain,25,16/08/2016
3,aPhilip,Gent,Male,France,36,21/05/2015
4,aKathleen,Hanner,Female,United States,25,15/10/2017
5,aNereida,Magwood,Female,United States,58,16/08/2016
6,aGaston,Brumm,Male,United States,24,21/05/2015
7,aEtta,Hurn,Female,Great Britain,56,15/10/2017
8,aEarlean,Melgar,Female,United States,27,16/08/2016
9,aVincenza,Weiland,Female,United States,40,21/05/2015
10,aFallon,Winward,Female,Great Britain,28,16/08/2016
11,aArcelia,Bouska,Female,Great Britain,39,21/05/2015
12,aFranklyn,Unknow,Male,France,38,15/10/2017
13,aSherron,Ascencio,Female,Great Britain,32,16/08/2016
14,aMarcel,Zabriskie,Male,Great Britain,26,21/05/2015
15,aKina,Hazelton,Female,Great Britain,31,16/08/2016
16,aShavonne,Pia,Female,France,24,21/05/2015
17,aShavon,Benito,Female,France,39,15/10/2017
18,aLauralee,Perrine,Female,Great Britain,28,16/08/2016