1,cStasia,Becker,Female,Great Britain,34,16/08/2016
2,cJona,Grindle,Female,Great Britain,26,21/05/2015
3,cJudie,Claywell,Female,France,35,16/08/2016
4,cDewitt,Borger,Male,United States,36,21/05/2015
5,cNena,Hacker,Female,United States,29,15/10/2017
6,cKelsie,Wachtel,Female,France,27,16/08/2016
7,cSau,Pfau,Female,United States,25,21/05/2015
8,cShanice,Mccrystal,Female,United States,36,21/05/2015
9,cChase,Karner,Male,United States,37,15/10/2017
10,cTommie,Underdahl,Male,United States,26,16/08/2016