1,nDulce,Abril,Female,United States,32,15/10/2017
2,nMara,Hashimoto,Female,Great Britain,25,16/08/2016
3,nPhilip,Gent,Male,France,36,21/05/2015
4,nKathleen,Hanner,Female,United States,25,15/10/2017
5,nNereida,Magwood,Female,United States,58,16/08/2016
6,nGaston,Brumm,Male,United States,24,21/05/2015
7,nEtta,Hurn,Female,Great Britain,56,15/10/2017
8,nEarlean,Melgar,Female,United States,27,16/08/2016
9,nVincenza,Weiland,Female,United States,40,21/05/2015
10,nFallon,Winward,Female,Great Britain,28,16/08/2016
11,nArcelia,Bouska,Female,Great Britain,39,21/05/2015
12,nFranklyn,Unknow,Male,France,38,15/10/2017
13,nSherron,Ascencio,Female,Great Britain,32,16/08/2016