1,eDulce,Abril,Female,United States,32,15/10/2017
2,eMara,Hashimoto,Female,Great Britain,25,16/08/2016
3,ePhilip,Gent,Male,France,36,21/05/2015
4,eKathleen,Hanner,Female,United States,25,15/10/2017
5,eNereida,Magwood,Female,United States,58,16/08/2016
6,eGaston,Brumm,Male,United States,24,21/05/2015
7,eEtta,Hurn,Female,Great Britain,56,15/10/2017
8,eEarlean,Melgar,Female,United States,27,16/08/2016
9,eVincenza,Weiland,Female,United States,40,21/05/2015
10,eFallon,Winward,Female,Great Britain,28,16/08/2016
11,eArcelia,Bouska,Female,Great Britain,39,21/05/2015
12,eFranklyn,Unknow,Male,France,38,15/10/2017